ad_name,adset_name,cost,impressions,clicks,installs,completions,purchases,adset_status,budget_type,start_date,end_date,channel,campaign_name,ym,ctr,cpa
ios_vd_all_프로모션_온슬7_hn1_25.12.16,ios_purchase_all_vd_12월프로모션_인플루언서PA(2)_hn1_25.12.16,416487,40073,189.0,30.0,23.0,3.0,100000,일일 예산,2023-04-04,2026-05-04,Meta,,2025-12,0.47163925835350484,138829.0
ios_vd_all_찐빵3_hn1_25.11.26,ios_purchase_all_vd_인플루언서PA(1)_hn1_25.11.26,773569,76104,208.0,26.0,18.0,4.0,30000,일일 예산,2023-04-04,2026-05-04,Meta,,2025-11,0.2733102070850415,193392.25
ios_vd_lookalike(7%)_베베엘리_1월18_hn1_26.02.24,ios_purchase_lookalike(7%)_vd_인플루언서PA(2)_hn1_26.02.24,2969,181,1.0,,,,30000,일일 예산,2023-04-04,2026-05-04,Meta,,2026-02,0.5524861878453038,
ios_vd_all_멍지(3월)3_hn1_26.03.26,ios(Web2App)_purchase_all_vd_PA(친구초대)_3월(2)_hn1_26.03.26,422619,24296,182.0,10.0,15.0,25.0,30000,일일 예산,2023-04-04,2026-05-04,Meta,,2026-03,0.7490945011524531,16904.76
ios_vd_all_지지팀장7_hn1_26.01.29,ios_purchase_all_vd_인플루언서PA(1)_hn1_26.01.29,12700331,2079714,6705.0,900.0,488.0,265.0,540000,일일 예산,2023-04-04,2026-05-04,Meta,,2026-01,0.3224000992444153,47925.777358490566
aos_vd_all_시온_1월12_hn1_26.01.23,aos_purchase_all_vd_인플루언서PA(6)_hn1_26.01.23,83603,4272,20.0,3.0,,,30000,일일 예산,2023-04-04,2026-05-04,Meta,,2026-01,0.46816479400749067,
aos_vd_all_멍지(3월)3_hn1_26.03.26,aos(Web2App)_purchase_all_vd_PA(친구초대)_3월(2)_hn1_26.03.26,117355,7261,68.0,2.0,3.0,7.0,30000,일일 예산,2023-04-04,2026-05-04,Meta,,2026-03,0.9365101225726483,16765.0
aos_vd_all_데일리리본(2월)3_sj1_26.04.23,aos_purchase_all_vd_인플루언서PA_dcj_sj1_26.04.23,25533,1154,21.0,12.0,10.0,,30000,일일 예산,2023-04-04,2026-05-04,Meta,,2026-04,1.8197573656845754,
ios_vd_lookalike(7%)_포차코5_hn1_26.01.28,ios_registration_lookalike(7%)_vd_인플루언서PA(1)_hn1_26.01.28,69739,3871,55.0,5.0,1.0,1.0,30000,일일 예산,2023-04-04,2026-05-04,Meta,,2026-01,1.4208214931542238,69739.0
aos_vd_all_해리_1월11_hn1_26.01.23,aos_purchase_all_vd_인플루언서PA(6)_hn1_26.01.23,8375,788,1.0,,,,30000,일일 예산,2023-04-04,2026-05-04,Meta,,2026-01,0.12690355329949238,
aos_vd_all_진형(2월)1_hn1_26.02.23,aos_purchase_lookalike(7%)_vd_인플루언서PA(2월)_hn1_26.02.23,2614774,158714,1196.0,379.0,291.0,72.0,30000,일일 예산,2023-04-04,2026-05-04,Meta,,2026-02,0.7535567120732891,36316.305555555555
ios_vd_lookalike(7%)_춘남이_1월3_hn1_26.01.28,ios_registration_lookalike(7%)_vd_인플루언서PA(1)_hn1_26.01.28,741,47,,,,,30000,일일 예산,2023-04-04,2026-05-04,Meta,,2026-01,,
ios_im_all_시은니야(애매)3_dh1_25.10.31,ios_purchase_all_im_시은니야(인플루언서)_dh1_25.10.31,10917,1392,2.0,,,,24000,일일 예산,2023-04-04,2026-05-04,Meta,,2025-10,0.14367816091954022,
ios_vd_all_수수룸_1월19_dh1_26.04.23,ios_registration_lookalike(7%)_dcj_vd__인플루언서PA_dh1_26.04.24,178654,11078,66.0,20.0,14.0,3.0,300000,일일 예산,2023-04-04,2026-05-04,Meta,,2026-04,0.5957754107239575,59551.333333333336
ios_vd_lookalike(7%)_제이_1월2_hn1_26.01.28,ios_registration_lookalike(7%)_vd_인플루언서PA(2)_hn1_26.01.28,5048,433,1.0,,,,64000,일일 예산,2023-04-04,2026-05-04,Meta,,2026-01,0.23094688221709006,
aos_vd_all_이천커플1_hn1_26.01.28,aos_purchase_all_vd_인플루언서PA(1)_sj1_26.01.28,169529,8703,171.0,42.0,38.0,4.0,30000,일일 예산,2023-04-04,2026-05-04,Meta,,2026-01,1.9648397104446742,42382.25
aos_vd_all_비앳홈(2월DM)_sj1_26.03.10,aos_registration_lookalike(7%)_vd_인플루언서PA(4)_sj1_26.01.29,193670,13117,385.0,109.0,87.0,13.0,30000,일일 예산,2023-04-04,2026-05-04,Meta,,2026-03,2.935122360295799,14897.692307692309
ios_vd_all_이지홈_1월9_hn1_26.01.23,ios_purchase_all_vd_인플루언서PA(5)_hn1_26.01.23,1773,141,,,,,30000,일일 예산,2023-04-04,2026-05-04,Meta,,2026-01,,
ios_vd_all_루루뷰티_1월16_hn1_26.01.23,ios_purchase_all_vd_인플루언서PA(7)_hn1_26.01.23,204,16,,,,,30000,일일 예산,2023-04-04,2026-05-04,Meta,,2026-01,,
ios_vd_lookalike(7%)_달소유_1월20_hn1_26.01.28,ios_registration_lookalike(7%)_vd_인플루언서PA(3)_hn1_26.01.28,606862,31370,379.0,96.0,57.0,21.0,30000,일일 예산,2023-04-04,2026-05-04,Meta,,2026-01,1.208160663053873,28898.190476190477
ios_vd_dcj_밍지의방_1월8_dh1_26.04.24,ios_registration_lookalike(7%)_vd__인플루언서PA_dh1_26.04.23,41405,4318,32.0,3.0,,,80000,일일 예산,2023-04-04,2026-05-04,Meta,,2026-04,0.7410838351088467,
aos_vd_all_지지팀장7_hn1_25.12.08,aos_purchase_all_vd_인플루언서PA(2)_hn1_25.12.05,1846696,162019,907.0,299.0,238.0,42.0,30000,일일 예산,2023-04-04,2026-05-04,Meta,,2025-12,0.5598108863775236,43968.95238095238
aos_vd_all_살림을더하다(2월DM)_sj1_26.03.10,aos_registration_lookalike(7%)_vd_인플루언서PA(4)_sj1_26.01.29,30576,2452,29.0,11.0,10.0,,30000,일일 예산,2023-04-04,2026-05-04,Meta,,2026-03,1.1827079934747144,
aos_vd_all_우주맘4_hn1_25.11.26,aos_purchase_all_vd_인플루언서PA(1)_hn1_25.11.26,20745,1144,25.0,7.0,2.0,,50000,일일 예산,2023-04-04,2026-05-04,Meta,,2025-11,2.1853146853146854,
ios_vd_all_오순의집2_hn1_25.11.26,ios_purchase_all_vd_인플루언서PA(1)_hn1_25.11.26,40121375,4898082,19370.0,2565.0,1372.0,775.0,30000,일일 예산,2023-04-04,2026-05-04,Meta,,2025-11,0.39546091715083576,51769.51612903226
aos_vd_all_잘살자_1월5_hn1_26.01.13,aos_purchase_all_vd_인플루언서PA(3)_hn1_26.01.13,15386,682,5.0,,,,30000,일일 예산,2023-04-04,2026-05-04,Meta,,2026-01,0.7331378299120235,
ios_vd_lookalike(7%)_예진_1월4_hn1_26.01.28,ios_registration_lookalike(7%)_vd_인플루언서PA(1)_hn1_26.01.28,865068,42046,444.0,92.0,47.0,19.0,30000,일일 예산,2023-04-04,2026-05-04,Meta,,2026-01,1.055986300718261,45529.89473684211
aos_vd_all_예진_1월4_hn1_26.01.28,aos_registration_lookalike(7%)_vd_인플루언서PA(1)_sj1_26.01.28,1314533,63786,788.0,267.0,202.0,43.0,30000,일일 예산,2023-04-04,2026-05-04,Meta,,2026-01,1.235380804565265,30570.53488372093
aos_vd_all_예진_1월4_hn1_26.01.13,aos_purchase_all_vd_인플루언서PA(3)_hn1_26.01.13,139031,6898,63.0,15.0,15.0,,30000,일일 예산,2023-04-04,2026-05-04,Meta,,2026-01,0.9133082052768918,
ios_purchase_all_vd_시은니야_냉동(인플루언서)2_hn1_25.11.14,ios_purchase_all_vd_시은니야_음식물(인플루언서)_hn1_25.11.14,118172,11589,24.0,5.0,3.0,3.0,40000,일일 예산,2023-04-04,2026-05-04,Meta,,2025-11,0.207092932953663,39390.666666666664
aos_vd_all_봄몽_1월10_hn1_26.01.29,aos_registration_lookalike(7%)_vd_인플루언서PA(4)_sj1_26.01.29,86009,9735,71.0,16.0,16.0,,30000,일일 예산,2023-04-04,2026-05-04,Meta,,2026-01,0.7293271700051361,
ios_vd_all_우주맘4_sj1_26.04.23,ios_purchase_all_vd_인플루언서PA_dcj_sj1_26.04.23,58877,4714,56.0,4.0,4.0,,300000,일일 예산,2023-04-04,2026-05-04,Meta,,2026-04,1.1879507848960544,
ios_vd_all_춘남이_1월3_hn1_26.01.07,ios_purchase_all_vd_인플루언서PA(1)_hn1_25.11.26,224288,26306,41.0,2.0,1.0,,30000,일일 예산,2023-04-04,2026-05-04,Meta,,2026-01,0.1558579791682506,
ios_vd_lookalike(7%)_뭉글이_1월6_hn1_26.01.28,ios_registration_lookalike(7%)_vd_인플루언서PA(2)_hn1_26.01.28,52974,4558,11.0,1.0,,,64000,일일 예산,2023-04-04,2026-05-04,Meta,,2026-01,0.2413339183852567,
aos_vd_all_프로모션_유진리2_hn1_25.12.10,aos_purchase_all_vd_12월프로모션_인플루언서PA(1)_hn1_25.12.10,231566,14572,71.0,11.0,7.0,2.0,50000,일일 예산,2023-04-04,2026-05-04,Meta,,2025-12,0.48723579467471867,115783.0
aos_vd_all_수빈(2월)5_hn1_26.02.23,aos_purchase_lookalike(7%)_vd_인플루언서PA(2월)_hn1_26.02.23,110360,8687,54.0,18.0,10.0,,30000,일일 예산,2023-04-04,2026-05-04,Meta,,2026-02,0.6216185104178658,
aos_vd_all_블레스홈6_sj1_26.04.23,aos_purchase_all_vd_인플루언서PA_dcj_sj1_26.04.23,684,62,,,,,30000,일일 예산,2023-04-04,2026-05-04,Meta,,2026-04,,
ios_vd_all_시은니야_폐기물(캔넬)2_dh1_25.11.19,ios_purchase_all_vd_시은니야_폐기물(인플루언서)_dh1_25.11.19,41142,2035,22.0,,,,24000,일일 예산,2023-04-04,2026-05-04,Meta,,2025-11,1.0810810810810811,
ios_vd_all_이천커플1_hn1_25.11.26,ios_purchase_all_vd_인플루언서PA(1)_hn1_25.11.26,28506,4228,17.0,4.0,3.0,,30000,일일 예산,2023-04-04,2026-05-04,Meta,,2025-11,0.402081362346263,
ios_vd_all_잘살자_1월5_hn1_26.01.13,ios_purchase_all_vd_인플루언서PA(3)_hn1_26.01.13,31304,2798,6.0,1.0,,,50000,일일 예산,2023-04-04,2026-05-04,Meta,,2026-01,0.21443888491779842,
ios_vd_all_예진_1월4_hn1_26.01.13,ios_purchase_all_vd_인플루언서PA(3)_hn1_26.01.13,206497,14082,71.0,9.0,9.0,3.0,50000,일일 예산,2023-04-04,2026-05-04,Meta,,2026-01,0.5041897457747478,68832.33333333333
aos_vd_all_다빈_1월15_hn1_26.01.29,aos_registration_lookalike(7%)_vd_인플루언서PA(5)_sj1_26.01.29,2144,142,,,,,50000,일일 예산,2023-04-04,2026-05-04,Meta,,2026-01,,
ios_vd_all_프로모션_노머니예스바이브5_hn1_25.12.16,ios_purchase_all_vd_12월프로모션_인플루언서PA(2)_hn1_25.12.16,734960,74045,642.0,49.0,30.0,8.0,100000,일일 예산,2023-04-04,2026-05-04,Meta,,2025-12,0.8670403133229792,91870.0
aos_vd_all_세띠_1월13_hn1_26.01.23,aos_purchase_all_vd_인플루언서PA(6)_hn1_26.01.23,67378,8839,19.0,3.0,,,30000,일일 예산,2023-04-04,2026-05-04,Meta,,2026-01,0.2149564430365426,
aos_vd_all_지지팀장7_hn1_26.01.28,aos_purchase_all_vd_인플루언서PA(1)_sj1_26.01.28,155124,18766,106.0,44.0,31.0,10.0,30000,일일 예산,2023-04-04,2026-05-04,Meta,,2026-01,0.5648513268677395,15512.4
ios_vd_all_오순의집2_hn1_26.01.29,ios_purchase_all_vd_인플루언서PA(1)_hn1_26.01.29,44732608,6327696,29479.0,2975.0,1824.0,1048.0,540000,일일 예산,2023-04-04,2026-05-04,Meta,,2026-01,0.4658725703636837,42683.78625954199
aos_vd_all_살림알림(3월)7_hn1_26.03.26,aos(Web2App)_purchase_all_vd_PA(친구초대)_3월(2)_hn1_26.03.26,264542,16199,455.0,15.0,14.0,69.0,30000,일일 예산,2023-04-04,2026-05-04,Meta,,2026-03,2.808815358972776,3833.942028985507
ios_vd_all_뭉글이_1월6_hn1_26.01.13,ios_purchase_all_vd_인플루언서PA(3)_hn1_26.01.13,77817,7261,14.0,2.0,1.0,1.0,50000,일일 예산,2023-04-04,2026-05-04,Meta,,2026-01,0.19281090758848643,77817.0
aos_vd_all_시은니야_폐기물(캔넬)2_dh1_25.11.19,aos_purchase_all_vd_시은니야_폐기물(인플루언서)_dh1_25.11.19,169914,6531,50.0,11.0,6.0,,2400,일일 예산,2023-04-04,2026-05-04,Meta,,2025-11,0.7655795437145919,
ios_vd_all_데일리리본(2월)3_hn1_26.02.23,ios_purchase_lookalike(7%)_vd_인플루언서PA(2월)_hn1_26.02.23,556821,34858,406.0,57.0,33.0,12.0,80000,일일 예산,2023-04-04,2026-05-04,Meta,,2026-02,1.1647254575707155,46401.75
aos_vd_all_제이_1월2_hn1_25.01.07,aos_purchase_all_vd_인플루언서PA(2)_hn1_25.12.05,52112,1950,12.0,,,,30000,일일 예산,2023-04-04,2026-05-04,Meta,,2025-01,0.6153846153846154,
ios_sl_all_시은니야_자취(엄빠)2_hn1_25.11.07,ios_purchase_all_sl_시은니야_자취(인플루언서)_hn1_25.11.07,9931,884,,,,,64000,일일 예산,2023-04-04,2026-05-04,Meta,,2025-11,,
ios_vd_all_시은니야_폐기물(쿨매트)3_dh1_25.11.19,ios_purchase_all_vd_시은니야_폐기물(인플루언서)_dh1_25.11.19,109900,4926,32.0,1.0,,,24000,일일 예산,2023-04-04,2026-05-04,Meta,,2025-11,0.6496142915144133,
ios_vd_lookalike(7%)_예진_1월4_hn1_26.02.24,ios_purchase_lookalike(7%)_vd_인플루언서PA(2)_hn1_26.02.24,184657,11779,81.0,17.0,10.0,6.0,30000,일일 예산,2023-04-04,2026-05-04,Meta,,2026-02,0.6876644876475083,30776.166666666668
aos_vd_all_프로모션_배주부6_hn1_25.12.16,aos_purchase_all_vd_12월프로모션_인플루언서PA(2)_hn1_25.12.16,38149,2446,14.0,2.0,,,30000,일일 예산,2023-04-04,2026-05-04,Meta,,2025-12,0.5723630417007358,
ios_vd_all_비지하우스_1월17_hn1_26.01.23,ios_purchase_all_vd_인플루언서PA(5)_hn1_26.01.23,168049,17579,78.0,7.0,3.0,1.0,30000,일일 예산,2023-04-04,2026-05-04,Meta,,2026-01,0.4437112463735139,168049.0
aos_vd_all_해리_1월11_hn1_26.01.29,aos_registration_lookalike(7%)_vd_인플루언서PA(5)_sj1_26.01.29,38565,1939,10.0,3.0,4.0,,50000,일일 예산,2023-04-04,2026-05-04,Meta,,2026-01,0.5157297576070139,
aos_im_all_시은니야(인증)1_dh1_25.10.31,aos_purchase_all_im_시은니야(인플루언서)_dh1_25.10.31,173938,8608,139.0,8.0,2.0,2.0,24000,일일 예산,2023-04-04,2026-05-04,Meta,,2025-10,1.6147769516728625,86969.0
aos_im_all_시은니야(샤라웃)4_dh1_25.10.31,aos_purchase_all_im_시은니야(인플루언서)_dh1_25.10.31,6391,351,,,,,24000,일일 예산,2023-04-04,2026-05-04,Meta,,2025-10,,
ios_vd_all_블레스홈6_hn1_26.01.29,ios_purchase_all_vd_인플루언서PA(1)_hn1_26.01.29,542157,93872,611.0,19.0,11.0,2.0,540000,일일 예산,2023-04-04,2026-05-04,Meta,,2026-01,0.6508863132776547,271078.5
aos_vd_all_달소유_1월20_hn1_26.01.29,aos_registration_lookalike(7%)_vd_인플루언서PA(3)_sj1_26.01.29,1773310,86517,1339.0,519.0,384.0,36.0,160000,일일 예산,2023-04-04,2026-05-04,Meta,,2026-01,1.5476727117213958,49258.61111111111
ios_vd_all_시은니야_애견(방석)1_sj1_25.11.04,ios_purchase_all_vd_시은니야_애견(인플루언서)_sj1_25.11.04,240243,19754,63.0,11.0,7.0,3.0,24000,일일 예산,2023-04-04,2026-05-04,Meta,,2025-11,0.31892274982282065,80081.0
aos_vd_all_시온_1월12_hn1_26.01.29,aos_registration_lookalike(7%)_vd_인플루언서PA(5)_sj1_26.01.29,30717,1763,8.0,2.0,,,50000,일일 예산,2023-04-04,2026-05-04,Meta,,2026-01,0.45377197958026094,
ios_vd_all_밍지의방_1월8_dh1_26.04.23,ios_registration_lookalike(7%)_dcj_vd__인플루언서PA_dh1_26.04.24,977901,55081,488.0,131.0,75.0,20.0,300000,일일 예산,2023-04-04,2026-05-04,Meta,,2026-04,0.8859679381274849,48895.05
aos_vd_all_데일리리본(2월)3_mk1_26.04.23,aos_purchase_lookalike(7%)_vd_인플루언서PA(1)_sj1_26.02.13,891948,39507,419.0,177.0,108.0,20.0,138240,일일 예산,2023-04-04,2026-05-04,Meta,,2026-04,1.0605715442832917,44597.4
aos_vd_all_세띠_1월13_hn1_26.01.29,aos_registration_lookalike(7%)_vd_인플루언서PA(5)_sj1_26.01.29,353779,19267,194.0,58.0,35.0,6.0,50000,일일 예산,2023-04-04,2026-05-04,Meta,,2026-01,1.0069029947578763,58963.166666666664
ios_vd_all_로운(3월)2_hn1_26.03.26,ios(Web2App)_purchase_all_vd_PA(친구초대)_3월(2)_hn1_26.03.26,12196,1320,6.0,,,1.0,30000,일일 예산,2023-04-04,2026-05-04,Meta,,2026-03,0.45454545454545453,12196.0
ios_vd_all_봄몽_1월10_hn1_26.01.23,ios_purchase_all_vd_인플루언서PA(6)_hn1_26.01.23,196149,48392,110.0,12.0,4.0,2.0,30000,일일 예산,2023-04-04,2026-05-04,Meta,,2026-01,0.22731029922301205,98074.5
ios_vd_all_프로모션_유진리2_hn1_25.12.10,ios_purchase_all_vd_12월프로모션_인플루언서PA(1)_hn1_25.12.10,366284,36050,96.0,10.0,5.0,10.0,50000,일일 예산,2023-04-04,2026-05-04,Meta,,2025-12,0.26629680998613037,36628.4
ios_vd_all_프로모션_미니홈1_hn1_25.12.10,ios_purchase_all_vd_12월프로모션_인플루언서PA(1)_hn1_25.12.10,826021,98171,364.0,53.0,25.0,19.0,50000,일일 예산,2023-04-04,2026-05-04,Meta,,2025-12,0.3707815953794909,43474.78947368421
aos_vd_all_포차코5_hn1_26.02.24,aos_registration_lookalike(7%)_vd_인플루언서PA(1)_mk1_26.02.24,24432,1793,13.0,6.0,6.0,,30000,일일 예산,2023-04-04,2026-05-04,Meta,,2026-02,0.7250418293363079,
ios_sl_all_시은니야_자취(짠순이)1_hn1_25.11.07,ios_purchase_all_sl_시은니야_자취(인플루언서)_hn1_25.11.07,436304,37063,151.0,10.0,7.0,,64000,일일 예산,2023-04-04,2026-05-04,Meta,,2025-11,0.4074144025038448,
ios_vd_all_포차코5_hn1_25.12.03,ios_purchase_all_vd_인플루언서PA(2)_hn1_25.12.03,270527,30353,166.0,11.0,5.0,2.0,30000,일일 예산,2023-04-04,2026-05-04,Meta,,2025-12,0.5468981649260369,135263.5
aos_sl_all_시은니야_자취(엄빠)2_hn1_25.11.07,aos_purchase_all_vd_시은니야_자취(인플루언서)_hn1_25.11.07,805676,45268,170.0,34.0,23.0,4.0,80000,일일 예산,2023-04-04,2026-05-04,Meta,,2025-11,0.37554122117168864,201419.0
aos_vd_all_살림을더하다(2월DM)_sj1_26.02.27,aos_purchase_all_vd_인플루언서PA(DM2월)_sj1_26.02.27,24370,1606,21.0,2.0,,,30000,일일 예산,2023-04-04,2026-05-04,Meta,,2026-02,1.3075965130759652,
ios_vd_lookalike(7%)_세띠_1월13_hn1_26.0128,ios_registration_lookalike(7%)_vd_인플루언서PA(5)_hn1_26.01.28,256344,14296,102.0,18.0,8.0,1.0,30000,일일 예산,2023-04-04,2026-05-04,Meta,,2026-01,0.7134862898712927,256344.0
ios_vd_all_예진_1월4_hn1_26.03.20,ios_purchase_lookalike(7%)_vd_인플루언서PA(2월)_hn1_26.02.23,319865,19458,165.0,27.0,13.0,8.0,80000,일일 예산,2023-04-04,2026-05-04,Meta,,2026-03,0.8479802651865556,39983.125
ios_vd_all_비앳홈(2월DM)_sj1_26.02.27,ios_purchase_all_vd_인플루언서 PA(DM2월)_sj1_26.02.27,2314227,600026,1799.0,190.0,106.0,27.0,30000,일일 예산,2023-04-04,2026-05-04,Meta,,2026-02,0.29982034111855155,85712.11111111111
aos_vd_all_다빈_1월15_hn1_26.01.23,aos_purchase_all_vd_인플루언서PA(6)_hn1_26.01.23,3468,208,1.0,2.0,,,30000,일일 예산,2023-04-04,2026-05-04,Meta,,2026-01,0.4807692307692308,
aos_vd_all_주도연(3월)4_hn1_26.03.26,aos(Web2App)_purchase_all_vd_PA(친구초대)_3월(1)_hn1_26.03.26,651749,51763,788.0,33.0,59.0,132.0,100000,일일 예산,2023-04-04,2026-05-04,Meta,,2026-03,1.5223228947317582,4937.492424242424
ios_vd_all_레이미네(2월)4_hn1_26.02.23,ios_purchase_lookalike(7%)_vd_인플루언서PA(2월)_hn1_26.02.23,27462,2174,6.0,1.0,1.0,,80000,일일 예산,2023-04-04,2026-05-04,Meta,,2026-02,0.27598896044158233,
ios_vd_all_조사마_1월14_hn1_26.03.20,ios_purchase_lookalike(7%)_vd_인플루언서PA(1)_mk1_26.02.12,1522865,131841,385.0,115.0,65.0,40.0,50000,일일 예산,2023-04-04,2026-05-04,Meta,,2026-03,0.2920184161224505,38071.625
ios_vd_dcj_수수룸_1월19_dh1_26.04.24,ios_registration_lookalike(7%)_vd__인플루언서PA_dh1_26.04.23,58103,7724,26.0,7.0,2.0,1.0,80000,일일 예산,2023-04-04,2026-05-04,Meta,,2026-04,0.33661315380631796,58103.0
aos_vd_all_수수룸_1월19_hn1_26.01.23,aos_purchase_all_vd_인플루언서PA(5)_hn1_26.01.23,5555,466,3.0,2.0,2.0,,30000,일일 예산,2023-04-04,2026-05-04,Meta,,2026-01,0.6437768240343348,
ios_vd_all_비키니보이즈(3월)5_hn1_26.03.26,ios(Web2App)_purchase_all_vd_PA(친구초대)_3월(1)_hn1_26.03.26,7485,1037,5.0,,1.0,0.0,300000,일일 예산,2023-04-04,2026-05-04,Meta,,2026-03,0.4821600771456124,
aos_vd_all_지지팀장7_sj1_26.04.23,aos_purchase_all_vd_인플루언서PA_dcj_sj1_26.04.23,289663,27864,203.0,107.0,83.0,14.0,30000,일일 예산,2023-04-04,2026-05-04,Meta,,2026-04,0.7285386161355154,20690.214285714286
ios_vd_all_주도연(3월)4_hn1_26.03.26,ios(Web2App)_purchase_all_vd_PA(친구초대)_3월(1)_hn1_26.03.26,2411441,271379,1890.0,82.0,152.0,258.0,300000,일일 예산,2023-04-04,2026-05-04,Meta,,2026-03,0.6964429819551256,9346.670542635658
aos_vd_all_밍지의방_1월8_hn1_26.01.13,aos_purchase_all_vd_인플루언서PA(3)_hn1_26.01.13,150119,9268,46.0,18.0,20.0,2.0,30000,일일 예산,2023-04-04,2026-05-04,Meta,,2026-01,0.49633146309883475,75059.5
ios_vd_all_권세혁(3월)10_hn1_26.03.26,ios(Web2App)_purchase_all_vd_PA(친구초대)_3월(3)_hn1_26.03.26,244000,24074,216.0,7.0,7.0,25.0,30000,일일 예산,2023-04-04,2026-05-04,Meta,,2026-03,0.8972335299493228,9760.0
aos_vd_all_잘살자_1월5_hn1_26.01.28,aos_registration_lookalike(7%)_vd_인플루언서PA(1)_sj1_26.01.28,145090,8252,58.0,15.0,8.0,2.0,30000,일일 예산,2023-04-04,2026-05-04,Meta,,2026-01,0.7028599127484246,72545.0
aos_im_all_시은니야(입력)2_dh1_25.10.31,aos_purchase_all_im_시은니야(인플루언서)_dh1_25.10.31,126461,8556,52.0,3.0,,,24000,일일 예산,2023-04-04,2026-05-04,Meta,,2025-10,0.6077606358111267,
aos_vd_all_블레스홈6_hn1_26.02.13,aos_purchase_lookalike(7%)_vd_인플루언서PA(1)_sj1_26.02.13,271949,47703,107.0,16.0,10.0,1.0,138240,일일 예산,2023-04-04,2026-05-04,Meta,,2026-02,0.22430455107645222,271949.0
ios_vd_all_이천커플1_hn1_25.12.03,ios_purchase_all_vd_인플루언서PA(2)_hn1_25.12.03,5270206,459512,4120.0,414.0,242.0,68.0,30000,일일 예산,2023-04-04,2026-05-04,Meta,,2025-12,0.8966033531224429,77503.0294117647
aos_vd_all_프로모션_미니홈1_hn1_25.12.10,aos_purchase_all_vd_12월프로모션_인플루언서PA(1)_hn1_25.12.10,521720,29861,231.0,42.0,28.0,15.0,50000,일일 예산,2023-04-04,2026-05-04,Meta,,2025-12,0.773584273801949,34781.333333333336
ios_vd_lookalike(7%)_이지홈_1월9_hn1_26.03.20,ios_purchase_lookalike(7%)_vd_인플루언서PA(2월)_hn1_26.02.23,73870,4985,58.0,1.0,,,80000,일일 예산,2023-04-04,2026-05-04,Meta,,2026-03,1.1634904714142427,
aos_vd_all_시은니야_폐기물(쿨매트)3_dh1_25.11.19,aos_purchase_all_vd_시은니야_폐기물(인플루언서)_dh1_25.11.19,19519,716,3.0,1.0,,,2400,일일 예산,2023-04-04,2026-05-04,Meta,,2025-11,0.41899441340782123,
aos_vd_all_로운(3월)2_hn1_26.03.26,aos(Web2App)_purchase_all_vd_PA(친구초대)_3월(2)_hn1_26.03.26,14945,1570,11.0,1.0,0.0,1.0,30000,일일 예산,2023-04-04,2026-05-04,Meta,,2026-03,0.7006369426751593,14945.0
ios_vd_all_원어비(2월)2_hn1_26.02.23,ios_purchase_lookalike(7%)_vd_인플루언서PA(2월)_hn1_26.02.23,466038,42787,232.0,36.0,19.0,8.0,80000,일일 예산,2023-04-04,2026-05-04,Meta,,2026-02,0.5422207679902774,58254.75
aos_vd_all_멍지(3월)3_hn1_26.04.07,aos(Web2App)_purchase_all_vd_PA(친구초대)_3월(3)_hn1_26.03.26,15807,920,13.0,,2.0,0.0,50000,일일 예산,2023-04-04,2026-05-04,Meta,,2026-04,1.4130434782608696,
aos_vd_all_루루뷰티_1월16_hn1_26.01.23,aos_purchase_all_vd_인플루언서PA(6)_hn1_26.01.23,9037,675,,,,,30000,일일 예산,2023-04-04,2026-05-04,Meta,,2026-01,,
aos_vd_all_살림알림(3월)7_hn1_26.04.07,aos(Web2App)_purchase_all_vd_PA(친구초대)_3월(3)_hn1_26.03.26,109280,6607,158.0,3.0,22.0,1.0,50000,일일 예산,2023-04-04,2026-05-04,Meta,,2026-04,2.3914030573634024,109280.0
aos_vd_all_조사마_1월14_hn1_26.01.23,aos_purchase_all_vd_인플루언서PA(5)_hn1_26.01.23,13245,724,1.0,1.0,2.0,,30000,일일 예산,2023-04-04,2026-05-04,Meta,,2026-01,0.13812154696132595,
ios_vd_all_베베엘리_1월18_hn1_26.01.23,ios_purchase_all_vd_인플루언서PA(5)_hn1_26.01.23,533,38,,,,,30000,일일 예산,2023-04-04,2026-05-04,Meta,,2026-01,,
ios_vd_all_살림알림(3월)7_hn1_26.03.26,ios(Web2App)_purchase_all_vd_PA(친구초대)_3월(2)_hn1_26.03.26,171246,15699,211.0,6.0,3.0,28.0,30000,일일 예산,2023-04-04,2026-05-04,Meta,,2026-03,1.3440346518886555,6115.928571428572
aos_vd_all_미요_1월7_hn1_26.01.29,aos_registration_lookalike(7%)_vd_인플루언서PA(2)_sj1_26.01.29,37160,2017,18.0,6.0,2.0,,50000,일일 예산,2023-04-04,2026-05-04,Meta,,2026-01,0.8924144769459593,
ios_im_all_시은니야(입력)2_dh1_25.10.31 - 사본,ios_purchase_all_im_시은니야(인플루언서)_dh1_25.10.31,5258,545,,,,,24000,일일 예산,2023-04-04,2026-05-04,Meta,,2025-10,,
aos_vd_all_춘남이_1월3_hn1_26.02.24,aos_registration_lookalike(7%)_vd_인플루언서PA(1)_mk1_26.02.24,2604,148,,,,,30000,일일 예산,2023-04-04,2026-05-04,Meta,,2026-02,,
ios_vd_dcj_이지홈_1월9_dh1_26.04.24,ios_registration_lookalike(7%)_vd__인플루언서PA_dh1_26.04.23,2043,117,2.0,,,,80000,일일 예산,2023-04-04,2026-05-04,Meta,,2026-04,1.7094017094017095,
aos_vd_all_루루뷰티_1월16_hn1_26.01.29,aos_registration_lookalike(7%)_vd_인플루언서PA(5)_sj1_26.01.29,10727,770,2.0,,,,50000,일일 예산,2023-04-04,2026-05-04,Meta,,2026-01,0.2597402597402597,
ios_vd_all_새로미_1월1_sj1_26.04.23,ios_purchase_all_vd_인플루언서PA_dcj_sj1_26.04.23,35698,5873,29.0,1.0,1.0,,300000,일일 예산,2023-04-04,2026-05-04,Meta,,2026-04,0.49378511833815764,
aos_vd_all_남솔지(3월)8_hn1_26.03.26,aos(Web2App)_purchase_all_vd_PA(친구초대)_3월(3)_hn1_26.03.26,162091,6819,145.0,2.0,1.0,17.0,50000,일일 예산,2023-04-04,2026-05-04,Meta,,2026-03,2.126411497286992,9534.764705882353
aos_vd_all_이천커플1_hn1_25.12.05,aos_purchase_all_vd_인플루언서PA(2)_hn1_25.12.05,326942,19689,232.0,51.0,25.0,4.0,30000,일일 예산,2023-04-04,2026-05-04,Meta,,2025-12,1.1783229214282087,81735.5
ios_vd_all_해리_1월11_hn1_26.01.23,ios_purchase_all_vd_인플루언서PA(7)_hn1_26.01.23,9897,916,1.0,,,,30000,일일 예산,2023-04-04,2026-05-04,Meta,,2026-01,0.10917030567685589,
ios_vd_all_수수룸_1월19_hn1_26.01.23,ios_purchase_all_vd_인플루언서PA(6)_hn1_26.01.23,1132,107,,,,,30000,일일 예산,2023-04-04,2026-05-04,Meta,,2026-01,,
aos_vd_all_새로미_1월1_hn1_26.01.02,aos_purchase_all_vd_인플루언서PA(1)_hn1_25.11.26,851947,46291,296.0,88.0,73.0,19.0,50000,일일 예산,2023-04-04,2026-05-04,Meta,,2026-01,0.6394331511524919,44839.31578947369
aos_vd_all_예진_1월4_hn1_26.02.26,aos_registration_lookalike(7%)_vd_인플루언서PA(4)_sj1_26.01.29,442309,25404,338.0,114.0,71.0,10.0,30000,일일 예산,2023-04-04,2026-05-04,Meta,,2026-02,1.3304991339946466,44230.9
aos_vd_all_이천커플1_hn1_25.11.26,aos_purchase_all_vd_인플루언서PA(1)_hn1_25.11.26,62169,4951,34.0,14.0,13.0,5.0,50000,일일 예산,2023-04-04,2026-05-04,Meta,,2025-11,0.6867299535447384,12433.8
ios_vd_all_미요_1월7_hn1_26.01.13,ios_purchase_all_vd_인플루언서PA(3)_hn1_26.01.13,39389,2966,6.0,2.0,,,50000,일일 예산,2023-04-04,2026-05-04,Meta,,2026-01,0.20229265003371544,
ios_vd_all_샬림을더하다(2월DM)_sj1_26.02.27,ios_purchase_all_vd_인플루언서 PA(DM2월)_sj1_26.02.27,27304,3241,28.0,,,,30000,일일 예산,2023-04-04,2026-05-04,Meta,,2026-02,0.8639308855291578,
ios_vd_lookalike(7%)_미요_1월7_hn1_26.01.28,ios_registration_lookalike(7%)_vd_인플루언서PA(2)_hn1_26.01.28,6773,549,2.0,,,,64000,일일 예산,2023-04-04,2026-05-04,Meta,,2026-01,0.36429872495446264,
aos_vd_all_원어비(2월)2_hn1_26.02.23,aos_purchase_lookalike(7%)_vd_인플루언서PA(2월)_hn1_26.02.23,366211,28032,172.0,36.0,36.0,6.0,30000,일일 예산,2023-04-04,2026-05-04,Meta,,2026-02,0.6135844748858447,61035.166666666664
aos_vd_all_이지홈_1월9_hn1_26.02.13,aos_purchase_lookalike(7%)_vd_인플루언서PA(3)_sj1_26.02.13,65585,2715,40.0,13.0,3.0,2.0,30000,일일 예산,2023-04-04,2026-05-04,Meta,,2026-02,1.4732965009208103,32792.5
aos_vd_all_프로모션_신홍부부4_hn1_25.12.12,aos_purchase_all_vd_12월프로모션_인플루언서PA(1)_hn1_25.12.10,250489,14705,95.0,10.0,6.0,,50000,일일 예산,2023-04-04,2026-05-04,Meta,,2025-12,0.6460387623257395,
ios_vd_all_제이_1월2_hn1_26.01.07,ios_purchase_all_vd_인플루언서PA(1)_hn1_25.11.26,272732,25796,69.0,6.0,5.0,,30000,일일 예산,2023-04-04,2026-05-04,Meta,,2026-01,0.2674833307489533,
aos_vd_all_시온_1월12_hn1_26.02.12,aos_purchase_lookalike(7%)_vd_인플루언서PA(5)_mk1_26.02.12,33950,1664,14.0,4.0,2.0,,30000,일일 예산,2023-04-04,2026-05-04,Meta,,2026-02,0.8413461538461539,
aos_vd_all_춘남이_1월3_hn1_26.01.28,aos_registration_lookalike(7%)_vd_인플루언서PA(1)_sj1_26.01.28,17894,861,6.0,4.0,2.0,4.0,30000,일일 예산,2023-04-04,2026-05-04,Meta,,2026-01,0.6968641114982579,4473.5
ios_vd_all_우주맘4_hn1_26.01.14,ios_purchase_all_vd_인플루언서PA(4)_hn1_26.01.14,192893,9465,95.0,15.0,12.0,1.0,30000,일일 예산,2023-04-04,2026-05-04,Meta,,2026-01,1.0036978341257263,192893.0
aos_vd_all_조사마_1월14_hn1_26.01.29,aos_registration_lookalike(7%)_vd_인플루언서PA(4)_sj1_26.01.29,4991665,387332,2369.0,987.0,777.0,201.0,30000,일일 예산,2023-04-04,2026-05-04,Meta,,2026-01,0.6116200055766112,24834.15422885572
ios_vd_lookalike(7%)_이지홈_1월9_hn1_26.02.24,ios_purchase_lookalike(7%)_vd_인플루언서PA(2)_hn1_26.02.24,38624,2695,17.0,2.0,1.0,2.0,30000,일일 예산,2023-04-04,2026-05-04,Meta,,2026-02,0.6307977736549165,19312.0
aos_vd_all_레이미네(2월)4_hn1_26.02.23,aos_purchase_lookalike(7%)_vd_인플루언서PA(2월)_hn1_26.02.23,107112,7629,46.0,7.0,6.0,2.0,30000,일일 예산,2023-04-04,2026-05-04,Meta,,2026-02,0.6029623803906148,53556.0
aos_vd_all_달소유_1월20_hn1_26.01.23,aos_purchase_all_vd_인플루언서PA(4)_hn1_26.01.23,30287,1912,6.0,,,,30000,일일 예산,2023-04-04,2026-05-04,Meta,,2026-01,0.3138075313807531,
ios_vd_lookalike(7%)_달소유_1월20_hn1_26.02.24,ios_purchase_lookalike(7%)_vd_인플루언서PA(2)_hn1_26.02.24,165015,9574,45.0,14.0,5.0,1.0,30000,일일 예산,2023-04-04,2026-05-04,Meta,,2026-02,0.4700229789011907,165015.0
aos_vd_all_이지홈_1월9_hn1_26.03.10,aos_purchase_lookalike(7%)_vd_인플루언서PA(1)_sj1_26.02.13,188049,25126,110.0,28.0,13.0,3.0,138240,일일 예산,2023-04-04,2026-05-04,Meta,,2026-03,0.4377935206558943,62683.0
ios_vd_all_밍지의방_1월8_hn1_26.01.13,ios_purchase_all_vd_인플루언서PA(3)_hn1_26.01.13,77435,7609,17.0,1.0,1.0,,50000,일일 예산,2023-04-04,2026-05-04,Meta,,2026-01,0.2234196346431857,
ios_vd_lookalike(7%)_루루뷰티_1월16_hn1_26.01.28,ios_registration_lookalike(7%)_vd_인플루언서PA(5)_hn1_26.01.28,8986,569,2.0,,,,30000,일일 예산,2023-04-04,2026-05-04,Meta,,2026-01,0.35149384885764495,
aos_vd_all_오순의집2_hn1_26.02.13,aos_purchase_lookalike(7%)_vd_인플루언서PA(1)_sj1_26.02.13,7701990,638984,3757.0,871.0,635.0,270.0,138240,일일 예산,2023-04-04,2026-05-04,Meta,,2026-02,0.587964643872147,28525.88888888889
aos_sl_all_시은니야_자취(짠순이)1_hn1_25.11.07,aos_purchase_all_vd_시은니야_자취(인플루언서)_hn1_25.11.07,112437,4713,19.0,9.0,6.0,,80000,일일 예산,2023-04-04,2026-05-04,Meta,,2025-11,0.40314025037131335,
ios_vd_lookalike(7%)_해리_1월11_hn1_26.01.28,ios_registration_lookalike(7%)_vd_인플루언서PA(5)_hn1_26.01.28,64579,4047,25.0,1.0,,1.0,30000,일일 예산,2023-04-04,2026-05-04,Meta,,2026-01,0.6177415369409439,64579.0
aos_vd_all_봄몽_1월10_hn1_26.01.23,aos_purchase_all_vd_인플루언서PA(5)_hn1_26.01.23,146210,12151,72.0,9.0,7.0,2.0,30000,일일 예산,2023-04-04,2026-05-04,Meta,,2026-01,0.5925438235536169,73105.0
ios_vd_lookalike(7%)_조사마_1월14_hn1_26.01.28,ios_registration_lookalike(7%)_vd_인플루언서PA(4)_hn1_26.01.28,2492905,167288,866.0,239.0,115.0,72.0,50000,일일 예산,2023-04-04,2026-05-04,Meta,,2026-01,0.5176701257711253,34623.680555555555
aos_vd_all_오순의집2_hn1_25.11.26,aos_purchase_all_vd_인플루언서PA(1)_hn1_25.11.26,7044517,636517,3512.0,859.0,663.0,178.0,50000,일일 예산,2023-04-04,2026-05-04,Meta,,2025-11,0.5517527418749224,39575.93820224719
ios_vd_all_우주맘4_hn1_25.11.26,ios_purchase_all_vd_인플루언서PA(1)_hn1_25.11.26,1290909,70688,757.0,100.0,60.0,14.0,30000,일일 예산,2023-04-04,2026-05-04,Meta,,2025-11,1.0709031235853328,92207.78571428571
ios_vd_all_세띠_1월13_hn1_26.01.23,ios_purchase_all_vd_인플루언서PA(7)_hn1_26.01.23,20084,2046,5.0,1.0,,,30000,일일 예산,2023-04-04,2026-05-04,Meta,,2026-01,0.24437927663734116,
ios_vd_all_시온_1월12_hn1_26.01.23,ios_purchase_all_vd_인플루언서PA(7)_hn1_26.01.23,106341,12439,22.0,2.0,2.0,1.0,30000,일일 예산,2023-04-04,2026-05-04,Meta,,2026-01,0.17686309188841548,106341.0
ios_vd_all_제이_1월2_hn1_26.01.14,ios_purchase_all_vd_인플루언서PA(4)_hn1_26.01.14,19271,1794,5.0,,1.0,,30000,일일 예산,2023-04-04,2026-05-04,Meta,,2026-01,0.2787068004459309,
ios_vd_all_조사마_1월14_hn1_26.01.23,ios_purchase_all_vd_인플루언서PA(6)_hn1_26.01.23,1232,108,,,,,30000,일일 예산,2023-04-04,2026-05-04,Meta,,2026-01,,
ios_vd_all_프로모션_신홍부부4_hn1_25.12.12,ios_purchase_all_vd_12월프로모션_인플루언서PA(1)_hn1_25.12.10,197939,17170,76.0,7.0,1.0,1.0,50000,일일 예산,2023-04-04,2026-05-04,Meta,,2025-12,0.4426324985439721,197939.0
aos_vd_all_베베엘리_1월18_hn1_26.01.23,aos_purchase_all_vd_인플루언서PA(4)_hn1_26.01.23,2918,236,2.0,1.0,2.0,,30000,일일 예산,2023-04-04,2026-05-04,Meta,,2026-01,0.847457627118644,
ios_vd_all_다미(3월)1_hn1_26.03.26,ios(Web2App)_purchase_all_vd_PA(친구초대)_3월(2)_hn1_26.03.26,35581,3089,13.0,,,1.0,30000,일일 예산,2023-04-04,2026-05-04,Meta,,2026-03,0.4208481709291033,35581.0
ios_vd_all_블레스홈6_hn1_25.12.05,ios_purchase_all_vd_인플루언서PA(2)_hn1_25.12.03,34472,3926,4.0,,,,30000,일일 예산,2023-04-04,2026-05-04,Meta,,2025-12,0.10188487009679062,
aos_vd_all_비앳홈(2월DM)_sj1_26.02.27,aos_purchase_all_vd_인플루언서PA(DM2월)_sj1_26.02.27,296967,18517,601.0,131.0,73.0,8.0,30000,일일 예산,2023-04-04,2026-05-04,Meta,,2026-02,3.245666144623859,37120.875
aos_vd_all_이지홈_1월9_hn1_26.01.23,aos_purchase_all_vd_인플루언서PA(4)_hn1_26.01.23,5575,269,1.0,1.0,2.0,,30000,일일 예산,2023-04-04,2026-05-04,Meta,,2026-01,0.37174721189591076,
ios_vd_all_해리_1월11_dh1_26.04.23,ios_registration_lookalike(7%)_dcj_vd__인플루언서PA_dh1_26.04.24,0,0,,,,,300000,일일 예산,2023-04-04,2026-05-04,Meta,,2026-04,,
ios_vd_all_예진_1월4_sj1_26.04.23,ios_purchase_all_vd_인플루언서PA_dcj_sj1_26.04.23,3622,309,1.0,,,,300000,일일 예산,2023-04-04,2026-05-04,Meta,,2026-04,0.3236245954692557,
aos_vd_all_김윤정(3월)9_hn1_26.03.26,aos(Web2App)_purchase_all_vd_PA(친구초대)_3월(3)_hn1_26.03.26,377913,21599,301.0,10.0,19.0,52.0,50000,일일 예산,2023-04-04,2026-05-04,Meta,,2026-03,1.3935830362516783,7267.557692307692
aos_vd_all_비지하우스_1월17_hn1_26.02.13,aos_purchase_lookalike(7%)_vd_인플루언서PA(3)_sj1_26.02.13,183754,11927,161.0,18.0,18.0,5.0,30000,일일 예산,2023-04-04,2026-05-04,Meta,,2026-02,1.3498784270981807,36750.8
aos_vd_all_뭉글이_1월6_hn1_26.01.29,aos_registration_lookalike(7%)_vd_인플루언서PA(2)_sj1_26.01.29,92867,6780,41.0,14.0,10.0,,50000,일일 예산,2023-04-04,2026-05-04,Meta,,2026-01,0.6047197640117994,
ios_vd_dcj_달소유_1월20_dh1_26.04.24,ios_registration_lookalike(7%)_vd__인플루언서PA_dh1_26.04.23,767025,44222,331.0,84.0,55.0,18.0,80000,일일 예산,2023-04-04,2026-05-04,Meta,,2026-04,0.7484962235991136,42612.5
ios_vd_all_데일리리본(2월)3_hn1_26.04.17,ios_purchase_lookalike(7%)_vd_인플루언서PA(2월)_hn1_26.02.23,1182200,59136,860.0,114.0,61.0,25.0,80000,일일 예산,2023-04-04,2026-05-04,Meta,,2026-04,1.4542748917748918,47288.0
aos_vd_all_해리_1월11_hn1_26.02.12,aos_purchase_lookalike(7%)_vd_인플루언서PA(5)_mk1_26.02.12,107064,5801,37.0,9.0,11.0,13.0,30000,일일 예산,2023-04-04,2026-05-04,Meta,,2026-02,0.6378210653335632,8235.692307692309
ios_vd_lookalike(7%)_베베엘리_1월18_hn1_26.01.28,ios_registration_lookalike(7%)_vd_인플루언서PA(3)_hn1_26.01.28,946,52,,,,,30000,일일 예산,2023-04-04,2026-05-04,Meta,,2026-01,,
ios_vd_lookalike(7%)_잘살자_1월5_hn1_26.01.28,ios_registration_lookalike(7%)_vd_인플루언서PA(1)_hn1_26.01.28,85315,6294,30.0,7.0,2.0,4.0,30000,일일 예산,2023-04-04,2026-05-04,Meta,,2026-01,0.47664442326024786,21328.75
aos_vd_all_예진_1월4_hn1_26.02.24,aos_registration_lookalike(7%)_vd_인플루언서PA(1)_mk1_26.02.24,0,0,,,,,30000,일일 예산,2023-04-04,2026-05-04,Meta,,2026-02,,
ios_vd_all_비앳홈(2월DM)_sj1_26.04.07,ios_purchase_lookalike(7%)_vd_인플루언서PA(1)_mk1_26.02.12,3239831,205421,3455.0,373.0,190.0,85.0,50000,일일 예산,2023-04-04,2026-05-04,Meta,,2026-04,1.6819117811713507,38115.65882352941
ios_vd_lookalike(7%)_밍지의방_1월8_hn1_26.02.12,ios_purchase_lookalike(7%)_vd_인플루언서PA(1)_mk1_26.02.12,5842681,467408,3648.0,427.0,244.0,154.0,50000,일일 예산,2023-04-04,2026-05-04,Meta,,2026-02,0.7804744463081505,37939.48701298701
ios_vd_all_수수룸_1월19_sj1_26.04.23,ios_purchase_all_vd_인플루언서PA_dcj_sj1_26.04.23,366066,66516,208.0,54.0,34.0,5.0,300000,일일 예산,2023-04-04,2026-05-04,Meta,,2026-04,0.31270671718082865,73213.2
aos_vd_all_수수룸_1월19_hn1_26.04.27,aos_purchase_lookalike(7%)_vd_인플루언서PA(1)_sj1_26.02.13,328792,36220,111.0,30.0,31.0,5.0,138240,일일 예산,2023-04-04,2026-05-04,Meta,,2026-04,0.30646051905024846,65758.4
aos_vd_all_데일리리본(2월)3_hn1_26.02.23,aos_purchase_lookalike(7%)_vd_인플루언서PA(2월)_hn1_26.02.23,2359379,110335,1155.0,527.0,366.0,47.0,30000,일일 예산,2023-04-04,2026-05-04,Meta,,2026-02,1.0468119816921195,50199.55319148936
ios_purchase_all_vd_시은니야_기름(인플루언서)1_hn1_25.11.14,ios_purchase_all_vd_시은니야_음식물(인플루언서)_hn1_25.11.14,362155,30572,171.0,10.0,8.0,5.0,40000,일일 예산,2023-04-04,2026-05-04,Meta,,2025-11,0.559335339526364,72431.0
aos_im_all_시은니야(애매)3_dh1_25.10.31,aos_purchase_all_im_시은니야(인플루언서)_dh1_25.10.31,10031,592,2.0,,,,24000,일일 예산,2023-04-04,2026-05-04,Meta,,2025-10,0.33783783783783783,
aos_purchase_all_vd_시은니야_밀키트(인플루언서)3_hn1_25.11.14,aos_purchase_all_vd_시은니야_음식물(인플루언서)_hn1_25.11.14,214965,11721,60.0,19.0,11.0,2.0,24000,일일 예산,2023-04-04,2026-05-04,Meta,,2025-11,0.5119017148707449,107482.5
ios_vd_all_포차코5_hn1_25.11.27,ios_purchase_all_vd_인플루언서PA(1)_hn1_25.11.26,32153,3529,20.0,2.0,1.0,,30000,일일 예산,2023-04-04,2026-05-04,Meta,,2025-11,0.5667327854916406,
ios_vd_all_이천커플1_hn1_26.03.31,ios_registration_lookalike(7%)_vd_인플루언서PA(4)_hn1_26.01.28,175610,10363,111.0,14.0,8.0,2.0,50000,일일 예산,2023-04-04,2026-05-04,Meta,,2026-03,1.071118402007141,87805.0
ios_purchase_all_vd_시은니야_밀키트(인플루언서)3_hn1_25.11.14,ios_purchase_all_vd_시은니야_음식물(인플루언서)_hn1_25.11.14,769875,62426,215.0,22.0,16.0,7.0,40000,일일 예산,2023-04-04,2026-05-04,Meta,,2025-11,0.34440777881011114,109982.14285714286
ios_vd_lookalike(7%)_뭉글이_1월6_hn1_26.02.12,ios_purchase_lookalike(7%)_vd_인플루언서PA(1)_mk1_26.02.12,238567,18977,91.0,7.0,3.0,,50000,일일 예산,2023-04-04,2026-05-04,Meta,,2026-02,0.47952784950202876,
ios_vd_lookalike(7%)_제이_1월2_hn1_26.02.12,ios_purchase_lookalike(7%)_vd_인플루언서PA(1)_mk1_26.02.12,166549,13358,60.0,3.0,2.0,1.0,50000,일일 예산,2023-04-04,2026-05-04,Meta,,2026-02,0.44916903728103014,166549.0
ios_vd_all_이천커플1_hn1_26.04.08,ios_purchase_lookalike(7%)_vd_인플루언서PA(1)_mk1_26.02.12,85100,6589,72.0,2.0,3.0,1.0,50000,일일 예산,2023-04-04,2026-05-04,Meta,,2026-04,1.0927303080892397,85100.0
aos_vd_all_비키니보이즈(3월)5_hn1_26.03.26,aos(Web2App)_purchase_all_vd_PA(친구초대)_3월(1)_hn1_26.03.26,2749,379,3.0,,,1.0,100000,일일 예산,2023-04-04,2026-05-04,Meta,,2026-03,0.79155672823219,2749.0
aos_vd_all_달소유_1월20_hn1_26.02.13,aos_purchase_lookalike(7%)_vd_인플루언서PA(3)_sj1_26.02.13,523135,27091,316.0,85.0,68.0,11.0,30000,일일 예산,2023-04-04,2026-05-04,Meta,,2026-02,1.1664390387951717,47557.72727272727
aos_vd_all_시은니야_애견(특가)3_sj1_25.11.04,aos_purchase_all_vd_시은니야_애견(인플루언서)_sj1_25.11.04,57851,3700,8.0,2.0,4.0,,24000,일일 예산,2023-04-04,2026-05-04,Meta,,2025-11,0.21621621621621623,
ios_vd_lookalike(7%)_잘살자_1월5_hn1_26.02.24,ios_purchase_lookalike(7%)_vd_인플루언서PA(2)_hn1_26.02.24,101611,7456,25.0,4.0,3.0,1.0,30000,일일 예산,2023-04-04,2026-05-04,Meta,,2026-02,0.3353004291845494,101611.0
aos_vd_all_오순의집2_hn1_25.01.28,aos_purchase_all_vd_인플루언서PA(1)_sj1_26.01.28,161218,15233,135.0,22.0,10.0,2.0,30000,일일 예산,2023-04-04,2026-05-04,Meta,,2025-01,0.8862338344383904,80609.0
aos_vd_all_시은니야_폐기물(네고)1_dh1_25.11.19,aos_purchase_all_vd_시은니야_폐기물(인플루언서)_dh1_25.11.19,77185,6277,14.0,1.0,,,2400,일일 예산,2023-04-04,2026-05-04,Meta,,2025-11,0.2230364823960491,
aos_sl_all_시은니야_자취(배달)3_hn1_25.11.07,aos_purchase_all_vd_시은니야_자취(인플루언서)_hn1_25.11.07,252881,15325,48.0,9.0,4.0,2.0,80000,일일 예산,2023-04-04,2026-05-04,Meta,,2025-11,0.3132137030995106,126440.5
aos_vd_all_미요_1월7_hn1_26.01.13,aos_purchase_all_vd_인플루언서PA(3)_hn1_26.01.13,57464,3691,11.0,1.0,2.0,,30000,일일 예산,2023-04-04,2026-05-04,Meta,,2026-01,0.2980222162015714,
ios_vd_all_프로모션_배주부6_hn1_25.12.16,ios_purchase_all_vd_12월프로모션_인플루언서PA(2)_hn1_25.12.16,34518,4952,10.0,1.0,,,100000,일일 예산,2023-04-04,2026-05-04,Meta,,2025-12,0.20193861066235863,
aos_vd_all_베베엘리_1월18_hn1_26.02.13,aos_purchase_lookalike(7%)_vd_인플루언서PA(3)_sj1_26.02.13,112525,5642,80.0,6.0,3.0,,30000,일일 예산,2023-04-04,2026-05-04,Meta,,2026-02,1.4179369018078696,
ios_vd_lookalike(7%)_봄몽_1월10_hn1_26.01.28,ios_registration_lookalike(7%)_vd_인플루언서PA(4)_hn1_26.01.28,158636,20632,74.0,10.0,4.0,5.0,50000,일일 예산,2023-04-04,2026-05-04,Meta,,2026-01,0.3586661496704149,31727.2
ios_vd_all_수빈(2월)5_hn1_26.02.23,ios_purchase_lookalike(7%)_vd_인플루언서PA(2월)_hn1_26.02.23,397250,30562,148.0,24.0,10.0,2.0,80000,일일 예산,2023-04-04,2026-05-04,Meta,,2026-02,0.48426150121065376,198625.0
ios_vd_all_달소유_1월20_dh1_26.04.23,ios_registration_lookalike(7%)_dcj_vd__인플루언서PA_dh1_26.04.24,674005,29670,244.0,68.0,38.0,3.0,300000,일일 예산,2023-04-04,2026-05-04,Meta,,2026-04,0.8223795079204584,224668.33333333334
ios_vd_all_시은니야_애견(특가)3_sj1_25.11.04,ios_purchase_all_vd_시은니야_애견(인플루언서)_sj1_25.11.04,458966,29648,122.0,29.0,21.0,7.0,24000,일일 예산,2023-04-04,2026-05-04,Meta,,2025-11,0.41149487317862926,65566.57142857143
ios_vd_all_시은니야_애견(대리석)2_sj1_25.11.04,ios_purchase_all_vd_시은니야_애견(인플루언서)_sj1_25.11.04,209316,12824,49.0,11.0,5.0,5.0,24000,일일 예산,2023-04-04,2026-05-04,Meta,,2025-11,0.38209606986899564,41863.2
ios_vd_lookalike(7%)_시온_1월12_hn1_26.01.28,ios_registration_lookalike(7%)_vd_인플루언서PA(5)_hn1_26.01.28,62420,4245,18.0,2.0,1.0,1.0,30000,일일 예산,2023-04-04,2026-05-04,Meta,,2026-01,0.4240282685512367,62420.0
ios_vd_all_채다경(3월)6_hn1_26.03.26,ios(Web2App)_purchase_all_vd_PA(친구초대)_3월(1)_hn1_26.03.26,35477,4007,28.0,1.0,1.0,2.0,300000,일일 예산,2023-04-04,2026-05-04,Meta,,2026-03,0.6987771400049912,17738.5
ios_im_all_시은니야(인증)1_dh1_25.10.31,ios_purchase_all_im_시은니야(인플루언서)_dh1_25.10.31,128065,9182,190.0,2.0,2.0,2.0,24000,일일 예산,2023-04-04,2026-05-04,Meta,,2025-10,2.0692659551296013,64032.5
ios_vd_all_다빈_1월15_hn1_26.01.23,ios_purchase_all_vd_인플루언서PA(7)_hn1_26.01.23,13206,1299,1.0,,,,30000,일일 예산,2023-04-04,2026-05-04,Meta,,2026-01,0.07698229407236336,
aos_vd_all_달소유_1월20_sj1_26.04.23,aos_purchase_all_vd_인플루언서PA_dcj_sj1_26.04.23,22006,1234,24.0,15.0,15.0,2.0,30000,일일 예산,2023-04-04,2026-05-04,Meta,,2026-04,1.9448946515397085,11003.0
ios_vd_dcj_해리_1월11_dh1_26.04.24,ios_registration_lookalike(7%)_vd__인플루언서PA_dh1_26.04.23,0,0,,,,,80000,일일 예산,2023-04-04,2026-05-04,Meta,,2026-04,,
ios_vd_lookalike(7%)_미요_1월7_hn1_26.02.12,ios_purchase_lookalike(7%)_vd_인플루언서PA(1)_mk1_26.02.12,263341,19898,121.0,5.0,4.0,1.0,50000,일일 예산,2023-04-04,2026-05-04,Meta,,2026-02,0.6081013167152477,263341.0
aos_vd_all_예진_1월4_sj1_26.04.23,aos_purchase_all_vd_인플루언서PA_dcj_sj1_26.04.23,3956,246,2.0,2.0,1.0,,30000,일일 예산,2023-04-04,2026-05-04,Meta,,2026-04,0.8130081300813009,
aos_vd_all_다미(3월)1_hn1_26.03.26,aos(Web2App)_purchase_all_vd_PA(친구초대)_3월(2)_hn1_26.03.26,14894,1364,11.0,,,4.0,30000,일일 예산,2023-04-04,2026-05-04,Meta,,2026-03,0.8064516129032258,3723.5
ios_vd_lookalike(7%)_비지하우스_1월17_hn1_26.02.24,ios_purchase_lookalike(7%)_vd_인플루언서PA(2)_hn1_26.02.24,217954,17991,112.0,10.0,6.0,4.0,30000,일일 예산,2023-04-04,2026-05-04,Meta,,2026-02,0.6225334889667056,54488.5
aos_vd_all_포차코5_hn1_25.11.27,aos_purchase_all_vd_인플루언서PA(1)_hn1_25.11.26,234297,14113,148.0,29.0,17.0,9.0,50000,일일 예산,2023-04-04,2026-05-04,Meta,,2025-11,1.0486785233472684,26033.0
aos_vd_all_프로모션_베르진3_hn1_25.12.12,aos_purchase_all_vd_12월프로모션_인플루언서PA(1)_hn1_25.12.10,64267,2458,26.0,3.0,2.0,,50000,일일 예산,2023-04-04,2026-05-04,Meta,,2025-12,1.0577705451586654,
aos_vd_all_권세혁(3월)10_hn1_26.03.26,aos(Web2App)_purchase_all_vd_PA(친구초대)_3월(3)_hn1_26.03.26,258308,17328,278.0,8.0,10.0,29.0,50000,일일 예산,2023-04-04,2026-05-04,Meta,,2026-03,1.6043397968605724,8907.172413793103
aos_vd_all_밍지의방_1월8_hn1_26.01.29,aos_registration_lookalike(7%)_vd_인플루언서PA(2)_sj1_26.01.29,3701507,313493,2022.0,769.0,537.0,141.0,50000,일일 예산,2023-04-04,2026-05-04,Meta,,2026-01,0.6449904782562927,26251.822695035462
aos_vd_all_지지팀장7_hn1_26.02.14,aos_purchase_lookalike(7%)_vd_인플루언서PA(1)_sj1_26.02.13,2169903,173663,1003.0,328.0,249.0,75.0,138240,일일 예산,2023-04-04,2026-05-04,Meta,,2026-02,0.5775553802479515,28932.04
aos_vd_all_잘살자_1월5_hn1_26.02.24,aos_registration_lookalike(7%)_vd_인플루언서PA(1)_mk1_26.02.24,78085,4916,45.0,7.0,9.0,2.0,30000,일일 예산,2023-04-04,2026-05-04,Meta,,2026-02,0.9153783563873067,39042.5
ios_vd_all_진형(2월)1_hn1_26.02.23,ios_purchase_lookalike(7%)_vd_인플루언서PA(2월)_hn1_26.02.23,1973702,147221,1059.0,136.0,95.0,67.0,80000,일일 예산,2023-04-04,2026-05-04,Meta,,2026-02,0.7193267264860312,29458.238805970148
ios_vd_all_달소유_1월20_hn1_26.01.23,ios_purchase_all_vd_인플루언서PA(5)_hn1_26.01.23,23332,1882,5.0,,,,30000,일일 예산,2023-04-04,2026-05-04,Meta,,2026-01,0.2656748140276302,
aos_vd_all_베베엘리_1월18_hn1_26.01.29,aos_registration_lookalike(7%)_vd_인플루언서PA(3)_sj1_26.01.29,922,52,1.0,,,,160000,일일 예산,2023-04-04,2026-05-04,Meta,,2026-01,1.9230769230769231,
aos_vd_all_뭉글이_1월6_hn1_26.01.13,aos_purchase_all_vd_인플루언서PA(3)_hn1_26.01.13,109269,8043,41.0,8.0,7.0,,30000,일일 예산,2023-04-04,2026-05-04,Meta,,2026-01,0.5097600397861495,
aos_vd_all_달소유_1월20_hn1_26.04.27,aos_purchase_lookalike(7%)_vd_인플루언서PA(1)_sj1_26.02.13,620480,35983,286.0,114.0,80.0,7.0,138240,일일 예산,2023-04-04,2026-05-04,Meta,,2026-04,0.7948197760053359,88640.0
ios_vd_lookalike(7%)_수수룸_1월19_hn1_26.01.28,ios_registration_lookalike(7%)_vd_인플루언서PA(4)_hn1_26.01.28,451101,41809,151.0,41.0,19.0,14.0,50000,일일 예산,2023-04-04,2026-05-04,Meta,,2026-01,0.3611662560692674,32221.5
ios_vd_all_시은니야_폐기물(네고)1_dh1_25.11.19,ios_purchase_all_vd_시은니야_폐기물(인플루언서)_dh1_25.11.19,114223,5727,64.0,3.0,3.0,,24000,일일 예산,2023-04-04,2026-05-04,Meta,,2025-11,1.1175135323904313,
aos_vd_all_우주맘4_hn1_25.12.05,aos_purchase_all_vd_인플루언서PA(2)_hn1_25.12.05,684317,31562,429.0,131.0,70.0,11.0,30000,일일 예산,2023-04-04,2026-05-04,Meta,,2025-12,1.3592294531398517,62210.63636363636
ios_vd_lookalike(7%)_이지홈_1월9_hn1_26.01.28,ios_registration_lookalike(7%)_vd_인플루언서PA(3)_hn1_26.01.28,1731,94,,,,,30000,일일 예산,2023-04-04,2026-05-04,Meta,,2026-01,,
ios_vd_all_지지팀장7_hn1_25.12.08,ios_purchase_all_vd_인플루언서PA(2)_hn1_25.12.03,189911,27872,106.0,16.0,6.0,5.0,30000,일일 예산,2023-04-04,2026-05-04,Meta,,2025-12,0.3803099885189437,37982.2
aos_vd_all_다빈_1월15_hn1_26.02.12,aos_purchase_lookalike(7%)_vd_인플루언서PA(5)_mk1_26.02.12,20918,1410,6.0,3.0,4.0,2.0,30000,일일 예산,2023-04-04,2026-05-04,Meta,,2026-02,0.425531914893617,10459.0
aos_vd_all_프로모션_노머니예스바이브5_hn1_25.12.16,aos_purchase_all_vd_12월프로모션_인플루언서PA(2)_hn1_25.12.16,420404,24864,259.0,47.0,30.0,18.0,30000,일일 예산,2023-04-04,2026-05-04,Meta,,2025-12,1.0416666666666665,23355.777777777777
aos_vd_all_춘남이_1월3_hn1_25.01.07,aos_purchase_all_vd_인플루언서PA(2)_hn1_25.12.05,12365,1642,4.0,,,,30000,일일 예산,2023-04-04,2026-05-04,Meta,,2025-01,0.24360535931790497,
aos_vd_all_비지하우스_1월17_hn1_26.01.29,aos_registration_lookalike(7%)_vd_인플루언서PA(3)_sj1_26.01.29,22276,1917,20.0,6.0,2.0,,160000,일일 예산,2023-04-04,2026-05-04,Meta,,2026-01,1.0432968179447053,
ios_vd_all_데일리리본(2월)3_hn1_26.03.31,ios_registration_lookalike(7%)_vd_인플루언서PA(4)_hn1_26.01.28,401480,17827,321.0,62.0,24.0,7.0,50000,일일 예산,2023-04-04,2026-05-04,Meta,,2026-03,1.8006394794412968,57354.28571428572
ios_vd_all_남솔지(3월)8_hn1_26.03.26,ios(Web2App)_purchase_all_vd_PA(친구초대)_3월(3)_hn1_26.03.26,70839,3324,31.0,1.0,1.0,5.0,30000,일일 예산,2023-04-04,2026-05-04,Meta,,2026-03,0.9326113116726835,14167.8
ios_vd_lookalike(7%)_비지하우스_1월17_hn1_26.01.28,ios_registration_lookalike(7%)_vd_인플루언서PA(3)_hn1_26.01.28,167408,11513,110.0,6.0,2.0,,30000,일일 예산,2023-04-04,2026-05-04,Meta,,2026-01,0.9554416746286807,
aos_vd_all_이지홈_1월9_hn1_26.01.29,aos_registration_lookalike(7%)_vd_인플루언서PA(3)_sj1_26.01.29,1050,47,,,,,160000,일일 예산,2023-04-04,2026-05-04,Meta,,2026-01,,
aos_vd_all_프로모션_온슬7_hn1_25.12.16,aos_purchase_all_vd_12월프로모션_인플루언서PA(2)_hn1_25.12.16,286456,16785,124.0,39.0,36.0,16.0,30000,일일 예산,2023-04-04,2026-05-04,Meta,,2025-12,0.7387548406315162,17903.5
aos_vd_all_세띠_1월13_hn1_26.02.12,aos_purchase_lookalike(7%)_vd_인플루언서PA(5)_mk1_26.02.12,177271,8432,71.0,19.0,8.0,,30000,일일 예산,2023-04-04,2026-05-04,Meta,,2026-02,0.8420303605313093,
ios_im_all_시은니야(샤라웃)4_dh1_25.10.31,ios_purchase_all_im_시은니야(인플루언서)_dh1_25.10.31,57222,5865,22.0,,1.0,,24000,일일 예산,2023-04-04,2026-05-04,Meta,,2025-10,0.3751065643648764,
ios_vd_all_프로모션_베르진3_hn1_25.12.12,ios_purchase_all_vd_12월프로모션_인플루언서PA(1)_hn1_25.12.10,8577,672,2.0,,,,50000,일일 예산,2023-04-04,2026-05-04,Meta,,2025-12,0.2976190476190476,
aos_purchase_all_vd_시은니야_기름(인플루언서)1_hn1_25.11.14,aos_purchase_all_vd_시은니야_음식물(인플루언서)_hn1_25.11.14,77271,5295,23.0,7.0,,,24000,일일 예산,2023-04-04,2026-05-04,Meta,,2025-11,0.43437204910292726,
aos_vd_all_찐빵3_hn1_25.11.26,aos_purchase_all_vd_인플루언서PA(1)_hn1_25.11.26,246567,15549,71.0,26.0,17.0,6.0,50000,일일 예산,2023-04-04,2026-05-04,Meta,,2025-11,0.45662100456621,41094.5
aos_vd_all_포차코5_hn1_26.01.28,aos_registration_lookalike(7%)_vd_인플루언서PA(1)_sj1_26.01.28,277488,14870,195.0,27.0,9.0,2.0,30000,일일 예산,2023-04-04,2026-05-04,Meta,,2026-01,1.3113651647612643,138744.0
ios_vd_all_지지팀장7_hn1_26.01.14,ios_purchase_all_vd_인플루언서PA(4)_hn1_26.01.14,266047,30523,78.0,13.0,3.0,4.0,30000,일일 예산,2023-04-04,2026-05-04,Meta,,2026-01,0.2555449988533237,66511.75
aos_vd_all_블레스홈6_hn1_26.01.28,aos_purchase_all_vd_인플루언서PA(1)_sj1_26.01.28,347,28,1.0,,,,30000,일일 예산,2023-04-04,2026-05-04,Meta,,2026-01,3.571428571428571,
ios_vd_lookalike(7%)_다빈_1월15_hn1_26.01.28,ios_registration_lookalike(7%)_vd_인플루언서PA(5)_hn1_26.01.28,93251,4550,18.0,2.0,2.0,,30000,일일 예산,2023-04-04,2026-05-04,Meta,,2026-01,0.3956043956043956,
ios_sl_all_시은니야_자취(배달)3_hn1_25.11.07,ios_purchase_all_sl_시은니야_자취(인플루언서)_hn1_25.11.07,752029,68700,193.0,18.0,17.0,8.0,64000,일일 예산,2023-04-04,2026-05-04,Meta,,2025-11,0.2809315866084425,94003.625
ios_vd_all_이천커플1_hn1_26.01.28,ios_purchase_all_vd_인플루언서PA(1)_hn1_26.01.29,236890,24324,148.0,26.0,20.0,4.0,540000,일일 예산,2023-04-04,2026-05-04,Meta,,2026-01,0.6084525571452064,59222.5
ios_vd_all_새로미_1월1_hn1_26.01.02,ios_purchase_all_vd_인플루언서PA(1)_hn1_25.11.26,1220022,137856,487.0,52.0,35.0,12.0,30000,일일 예산,2023-04-04,2026-05-04,Meta,,2026-01,0.3532671773444754,101668.5
aos_vd_all_비지하우스_1월17_hn1_26.01.23,aos_purchase_all_vd_인플루언서PA(4)_hn1_26.01.23,130392,7479,87.0,10.0,6.0,,30000,일일 예산,2023-04-04,2026-05-04,Meta,,2026-01,1.1632571199358204,
ios_vd_lookalike(7%)_밍지의방_1월8_hn1_26.01.28,ios_registration_lookalike(7%)_vd_인플루언서PA(2)_hn1_26.01.28,542740,45165,303.0,79.0,43.0,17.0,64000,일일 예산,2023-04-04,2026-05-04,Meta,,2026-01,0.67087346396546,31925.882352941175
aos_vd_all_루루뷰티_1월16_hn1_26.02.12,aos_purchase_lookalike(7%)_vd_인플루언서PA(5)_mk1_26.02.12,23880,1381,5.0,,,,30000,일일 예산,2023-04-04,2026-05-04,Meta,,2026-02,0.3620564808110065,
ios_vd_all_김윤정(3월)9_hn1_26.03.26,ios(Web2App)_purchase_all_vd_PA(친구초대)_3월(3)_hn1_26.03.26,321787,23152,246.0,9.0,20.0,25.0,30000,일일 예산,2023-04-04,2026-05-04,Meta,,2026-03,1.062543192812716,12871.48
ios_vd_all_밍지의방_1월8_sj1_26.04.23,ios_purchase_all_vd_인플루언서PA_dcj_sj1_26.04.23,1413321,258242,1275.0,260.0,154.0,49.0,300000,일일 예산,2023-04-04,2026-05-04,Meta,,2026-04,0.4937229420466075,28843.285714285714
aos_vd_all_채다경(3월)6_hn1_26.03.26,aos(Web2App)_purchase_all_vd_PA(친구초대)_3월(1)_hn1_26.03.26,19610,2261,11.0,,1.0,4.0,100000,일일 예산,2023-04-04,2026-05-04,Meta,,2026-03,0.4865103936311367,4902.5
aos_purchase_all_vd_시은니야_냉동(인플루언서)2_hn1_25.11.14,aos_purchase_all_vd_시은니야_음식물(인플루언서)_hn1_25.11.14,930124,69044,270.0,92.0,67.0,20.0,24000,일일 예산,2023-04-04,2026-05-04,Meta,,2025-11,0.3910549794334047,46506.2
aos_vd_all_이천커플1_hn1_26.02.13,aos_purchase_lookalike(7%)_vd_인플루언서PA(1)_sj1_26.02.13,267254,11944,169.0,69.0,36.0,,138240,일일 예산,2023-04-04,2026-05-04,Meta,,2026-02,1.4149363697253852,
aos_vd_all_수수룸_1월19_hn1_26.01.29,aos_registration_lookalike(7%)_vd_인플루언서PA(4)_sj1_26.01.29,492228,51637,211.0,87.0,82.0,30.0,30000,일일 예산,2023-04-04,2026-05-04,Meta,,2026-01,0.4086217247322656,16407.6
aos_vd_all_시은니야_애견(대리석)2_sj1_25.11.04,aos_purchase_all_vd_시은니야_애견(인플루언서)_sj1_25.11.04,128634,7457,39.0,11.0,12.0,4.0,24000,일일 예산,2023-04-04,2026-05-04,Meta,,2025-11,0.5229985248759556,32158.5
ios_vd_all_이지홈_1월9_dh1_26.04.23,ios_registration_lookalike(7%)_dcj_vd__인플루언서PA_dh1_26.04.24,5004,246,8.0,1.0,,,300000,일일 예산,2023-04-04,2026-05-04,Meta,,2026-04,3.2520325203252036,
aos_vd_all_블레스홈6_hn1_25.12.05,aos_purchase_all_vd_인플루언서PA(2)_hn1_25.12.05,161462,8798,72.0,16.0,10.0,,30000,일일 예산,2023-04-04,2026-05-04,Meta,,2025-12,0.8183678108661059,
ios_vd_all_찐빵3_hn1_26.01.14,ios_purchase_all_vd_인플루언서PA(4)_hn1_26.01.14,497,45,,,,,30000,일일 예산,2023-04-04,2026-05-04,Meta,,2026-01,,
aos_vd_all_시은니야_애견(방석)1_sj1_25.11.04,aos_purchase_all_vd_시은니야_애견(인플루언서)_sj1_25.11.04,19425,1375,3.0,1.0,,,24000,일일 예산,2023-04-04,2026-05-04,Meta,,2025-11,0.2181818181818182,
